,Sales Person,Country,Product,Date,Amount,Boxes Shipped
0,Jehu Rudeforth,UK,Mint Chip Choco,04-Jan-22,5320,180
1,Van Tuxwell,India,85% Dark Bars,01-Aug-22,7896,94
2,Gigi Bohling,India,Peanut Butter Cubes,07-Jul-22,4501,91
3,Jan Morforth,Australia,Peanut Butter Cubes,27-Apr-22,12726,342
4,Jehu Rudeforth,UK,Peanut Butter Cubes,24-Feb-22,13685,184
5,Van Tuxwell,India,Smooth Sliky Salty,06-Jun-22,5376,38
6,Oby Sorrel,UK,99% Dark & Pure,25-Jan-22,13685,176
7,Gunar Cockshoot,Australia,After Nines,24-Mar-22,3080,73
8,Jehu Rudeforth,New Zealand,50% Dark Bites,20-Apr-22,3990,59
9,Brien Boise,Australia,99% Dark & Pure,04-Jul-22,2835,102
10,Rafaelita Blaksland,UK,Smooth Sliky Salty,13-Jan-22,4704,62
11,Barr Faughny,USA,Orange Choco,10-Mar-22,3703,11
12,Mallorie Waber,Canada,Eclairs,13-Jan-22,1442,286
13,Karlen McCaffrey,New Zealand,Drinking Coco,28-Jul-22,168,156
14,Marney O'Breen,New Zealand,Peanut Butter Cubes,03-Aug-22,8379,173
15,Beverie Moffet,Australia,Organic Choco Syrup,26-Jan-22,6790,356
16,Van Tuxwell,Canada,Organic Choco Syrup,14-Feb-22,4067,42
17,Roddy Speechley,USA,Smooth Sliky Salty,05-Apr-22,3017,140
18,Beverie Moffet,Canada,Milk Bars,16-Feb-22,8799,250
19,Curtice Advani,UK,85% Dark Bars,08-Jun-22,1085,172
20,Brien Boise,Australia,Eclairs,27-Jun-22,6888,88
21,Gunar Cockshoot,USA,Spicy Special Slims,17-Feb-22,1267,157
22,Marney O'Breen,USA,After Nines,30-May-22,4753,163
23,Husein Augar,UK,Drinking Coco,14-Mar-22,3003,113
24,Kaine Padly,Australia,Eclairs,28-Feb-22,7672,115
25,Karlen McCaffrey,India,Fruit & Nut Bars,26-Jan-22,168,321
26,Roddy Speechley,Canada,Spicy Special Slims,09-Feb-22,1652,186
27,Husein Augar,USA,Eclairs,07-Jul-22,4025,112
28,Dennison Crosswaite,New Zealand,White Choc,05-Jul-22,9492,151
29,Dennison Crosswaite,New Zealand,Manuka Honey Choco,15-Jun-22,5061,301
30,Van Tuxwell,New Zealand,85% Dark Bars,24-May-22,1722,121
31,Rafaelita Blaksland,UK,99% Dark & Pure,29-Jun-22,12446,150
32,Wilone O'Kielt,Australia,Manuka Honey Choco,11-May-22,4284,94
33,Karlen McCaffrey,UK,Almond Choco,30-Jun-22,6839,133
34,Andria Kimpton,Canada,After Nines,11-May-22,2163,70
35,Roddy Speechley,USA,Manuka Honey Choco,22-Jul-22,9583,315
36,Andria Kimpton,UK,50% Dark Bites,24-Aug-22,2653,314
37,Kelci Walkden,New Zealand,After Nines,07-Jul-22,147,72
38,Camilla Castle,Australia,85% Dark Bars,19-May-22,3654,14
39,Karlen McCaffrey,India,Manuka Honey Choco,04-Jul-22,2443,581
40,Kelci Walkden,USA,After Nines,02-Jun-22,938,16
41,Karlen McCaffrey,USA,Raspberry Choco,15-Apr-22,14749,354
42,Mallorie Waber,Canada,Choco Coated Almonds,11-Jul-22,4781,241
43,Andria Kimpton,India,Spicy Special Slims,23-Feb-22,6307,142
44,Madelene Upcott,Canada,Almond Choco,22-Aug-22,7602,102
45,Kaine Padly,USA,Peanut Butter Cubes,16-Feb-22,6790,188
46,Van Tuxwell,USA,50% Dark Bites,13-Jan-22,9737,160
47,Curtice Advani,Australia,Milk Bars,14-Feb-22,6979,18
48,Roddy Speechley,India,Eclairs,10-Jun-22,4382,303
49,Curtice Advani,India,Fruit & Nut Bars,07-Jul-22,5243,176
50,Curtice Advani,Canada,Almond Choco,24-Mar-22,4865,70
51,Brien Boise,Australia,Fruit & Nut Bars,06-Jun-22,8575,23
52,Dotty Strutley,Australia,Drinking Coco,19-Jul-22,91,135
53,Beverie Moffet,USA,Raspberry Choco,19-Apr-22,14798,83
54,Marney O'Breen,India,85% Dark Bars,19-Jul-22,2205,179
55,Jehu Rudeforth,Canada,Drinking Coco,15-Jul-22,441,24
56,Ches Bonnell,New Zealand,Spicy Special Slims,14-Feb-22,3556,18
57,Brien Boise,Canada,99% Dark & Pure,18-May-22,16793,416
58,Barr Faughny,Australia,Fruit & Nut Bars,30-Jun-22,15421,55
59,Andria Kimpton,Australia,50% Dark Bites,02-Jun-22,4438,227
60,Andria Kimpton,Australia,Drinking Coco,28-Jun-22,1603,48
61,Marney O'Breen,Australia,Organic Choco Syrup,16-May-22,273,174
62,Kelci Walkden,Canada,Baker's Choco Chips,26-May-22,3073,302
63,Karlen McCaffrey,India,Almond Choco,06-Jul-22,6090,149
64,Oby Sorrel,India,99% Dark & Pure,27-May-22,10255,11
65,Wilone O'Kielt,Australia,Caramel Stuffed Bars,14-Apr-22,2030,11
66,Van Tuxwell,Australia,Organic Choco Syrup,10-Aug-22,19453,14
67,Camilla Castle,India,50% Dark Bites,04-Jul-22,9275,411
68,Oby Sorrel,India,Organic Choco Syrup,08-Jul-22,6181,56
69,Jan Morforth,USA,Peanut Butter Cubes,22-Jul-22,9037,102
70,Gigi Bohling,USA,Choco Coated Almonds,02-Mar-22,12313,103
71,Gigi Bohling,UK,Almond Choco,10-Jan-22,5642,9
72,Jehu Rudeforth,New Zealand,White Choc,11-Mar-22,2800,241
73,Andria Kimpton,New Zealand,Peanut Butter Cubes,20-Jun-22,959,265
74,Van Tuxwell,UK,Organic Choco Syrup,26-Aug-22,2002,214
75,Roddy Speechley,Canada,Milk Bars,13-Jul-22,609,32
76,Camilla Castle,USA,Spicy Special Slims,11-Feb-22,1274,244
77,Marney O'Breen,USA,Orange Choco,27-Jan-22,7595,181
78,Van Tuxwell,UK,99% Dark & Pure,31-Jan-22,4725,137
79,Camilla Castle,USA,White Choc,18-Aug-22,9681,24
80,Andria Kimpton,USA,Raspberry Choco,30-Jun-22,14504,21
81,Dotty Strutley,Australia,Fruit & Nut Bars,23-Aug-22,280,311
82,Brien Boise,New Zealand,Mint Chip Choco,01-Aug-22,63,181
83,Roddy Speechley,New Zealand,After Nines,25-May-22,8001,10
84,Roddy Speechley,Canada,Organic Choco Syrup,10-Jan-22,4032,82
85,Dennison Crosswaite,Australia,70% Dark Bites,07-Feb-22,5859,108
86,Karlen McCaffrey,USA,Orange Choco,12-May-22,11095,401
87,Madelene Upcott,Australia,Spicy Special Slims,07-Mar-22,7182,408
88,Dennison Crosswaite,Australia,85% Dark Bars,05-Apr-22,6881,420
89,Andria Kimpton,Canada,Caramel Stuffed Bars,03-Jan-22,7154,348
90,Dennison Crosswaite,UK,Eclairs,24-Mar-22,6188,270
91,Madelene Upcott,India,Raspberry Choco,07-Jul-22,4221,9
92,Van Tuxwell,USA,After Nines,26-Jul-22,630,264
93,Wilone O'Kielt,Australia,Organic Choco Syrup,07-Jul-22,1743,111
94,Karlen McCaffrey,Canada,50% Dark Bites,15-Jul-22,2919,65
95,Roddy Speechley,New Zealand,Orange Choco,01-Apr-22,49,97
96,Beverie Moffet,Australia,Eclairs,20-Jun-22,1827,6
97,Kelci Walkden,UK,Fruit & Nut Bars,29-Jun-22,13006,482
98,Marney O'Breen,USA,50% Dark Bites,15-Jun-22,1064,106
99,Husein Augar,USA,After Nines,08-Apr-22,11571,180
100,Dennison Crosswaite,Australia,Raspberry Choco,14-Mar-22,5740,31
101,Andria Kimpton,USA,Fruit & Nut Bars,15-Jul-22,1456,359
102,Kelci Walkden,India,Eclairs,19-Apr-22,5334,80
103,Marney O'Breen,USA,99% Dark & Pure,28-Mar-22,4151,296
104,Brien Boise,Canada,Spicy Special Slims,04-Mar-22,8106,101
105,Karlen McCaffrey,New Zealand,70% Dark Bites,02-Aug-22,126,40
106,Husein Augar,UK,Spicy Special Slims,25-Aug-22,4697,42
107,Marney O'Breen,USA,Almond Choco,25-Feb-22,7798,167
108,Kelci Walkden,India,Orange Choco,07-Jun-22,9408,138
109,Jan Morforth,India,Spicy Special Slims,12-Apr-22,1939,520
110,Ches Bonnell,India,Spicy Special Slims,06-Jul-22,10906,94
111,Kelci Walkden,UK,Smooth Sliky Salty,19-Jan-22,5929,175
112,Madelene Upcott,Australia,Fruit & Nut Bars,05-Jan-22,5579,92
113,Madelene Upcott,Canada,70% Dark Bites,24-Jan-22,10927,141
114,Wilone O'Kielt,Australia,Drinking Coco,06-Apr-22,623,283
115,Gunar Cockshoot,Australia,Fruit & Nut Bars,15-Jun-22,6013,21
116,Gigi Bohling,Canada,Baker's Choco Chips,28-Jan-22,1505,47
117,Kelci Walkden,India,Caramel Stuffed Bars,16-Mar-22,476,125
118,Rafaelita Blaksland,Australia,Drinking Coco,21-Feb-22,11550,396
119,Kelci Walkden,USA,Manuka Honey Choco,16-Feb-22,17318,87
120,Jehu Rudeforth,Canada,Spicy Special Slims,13-Jan-22,1848,27
121,Kelci Walkden,Australia,Eclairs,23-Mar-22,7273,547
122,Curtice Advani,Canada,Spicy Special Slims,16-Jun-22,854,118
123,Oby Sorrel,India,Raspberry Choco,14-Apr-22,6832,46
124,Kelci Walkden,UK,Eclairs,25-Jan-22,4606,57
125,Jan Morforth,India,Almond Choco,11-Mar-22,4466,22
126,Dotty Strutley,UK,Almond Choco,28-Jul-22,16114,96
127,Marney O'Breen,New Zealand,After Nines,09-Mar-22,1561,44
128,Husein Augar,Australia,Orange Choco,28-Jun-22,8897,188
129,Marney O'Breen,Australia,Milk Bars,28-Jul-22,2464,387
130,Kelci Walkden,Canada,99% Dark & Pure,15-Aug-22,4830,50
131,Kaine Padly,Australia,Manuka Honey Choco,12-Jan-22,2765,264
132,Beverie Moffet,New Zealand,White Choc,24-Mar-22,7126,7
133,Van Tuxwell,UK,Milk Bars,25-Jul-22,4263,90
134,Oby Sorrel,Canada,99% Dark & Pure,01-Aug-22,3605,403
135,Van Tuxwell,India,Organic Choco Syrup,16-May-22,19929,174
136,Roddy Speechley,India,Smooth Sliky Salty,10-Aug-22,5103,140
137,Jan Morforth,India,Eclairs,05-Jan-22,2541,27
138,Ches Bonnell,UK,Smooth Sliky Salty,11-Jul-22,5663,110
139,Wilone O'Kielt,USA,After Nines,25-Apr-22,392,30
140,Gigi Bohling,New Zealand,Fruit & Nut Bars,04-Apr-22,10976,121
141,Barr Faughny,USA,Raspberry Choco,12-Apr-22,9282,101
142,Wilone O'Kielt,New Zealand,85% Dark Bars,02-Aug-22,1827,117
143,Gigi Bohling,New Zealand,Manuka Honey Choco,28-Jun-22,8267,272
144,Ches Bonnell,Australia,Eclairs,05-Jul-22,4116,128
145,Rafaelita Blaksland,New Zealand,Choco Coated Almonds,07-Jun-22,2093,45
146,Brien Boise,New Zealand,Smooth Sliky Salty,18-Jan-22,1015,27
147,Brien Boise,Australia,Baker's Choco Chips,04-Jan-22,12516,212
148,Dennison Crosswaite,Australia,99% Dark & Pure,31-Jan-22,2758,18
149,Kelci Walkden,India,Almond Choco,14-Mar-22,3297,149
150,Camilla Castle,Australia,70% Dark Bites,29-Apr-22,6048,477
151,Oby Sorrel,India,Smooth Sliky Salty,07-Feb-22,10101,108
152,Kaine Padly,UK,Organic Choco Syrup,31-Mar-22,2282,178
153,Marney O'Breen,India,Caramel Stuffed Bars,16-Mar-22,4361,81
154,Karlen McCaffrey,UK,Eclairs,25-Jan-22,7798,196
155,Van Tuxwell,India,Baker's Choco Chips,20-Jun-22,3052,447
156,Gigi Bohling,UK,After Nines,29-Mar-22,8029,175
157,Curtice Advani,Australia,Orange Choco,12-Jul-22,854,136
158,Jehu Rudeforth,Canada,Smooth Sliky Salty,11-Jul-22,5460,138
159,Karlen McCaffrey,Canada,Smooth Sliky Salty,19-Jan-22,3017,184
160,Andria Kimpton,USA,85% Dark Bars,05-Apr-22,8911,82
161,Jehu Rudeforth,Canada,Milk Bars,21-Feb-22,7203,12
162,Rafaelita Blaksland,New Zealand,Caramel Stuffed Bars,20-May-22,13083,14
163,Mallorie Waber,Australia,Milk Bars,29-Jul-22,2779,104
164,Barr Faughny,USA,Fruit & Nut Bars,28-Jan-22,9058,46
165,Marney O'Breen,UK,Caramel Stuffed Bars,19-Jul-22,3549,112
166,Mallorie Waber,New Zealand,Manuka Honey Choco,13-Apr-22,9436,11
167,Roddy Speechley,India,Peanut Butter Cubes,11-Feb-22,10283,21
168,Roddy Speechley,New Zealand,Milk Bars,02-Mar-22,5446,116
169,Ches Bonnell,Australia,White Choc,02-Mar-22,1043,202
170,Van Tuxwell,USA,99% Dark & Pure,28-Jul-22,12586,6
171,Kelci Walkden,India,After Nines,07-Jan-22,1687,520
172,Brien Boise,UK,White Choc,12-Apr-22,5299,167
173,Van Tuxwell,Canada,Almond Choco,27-Jun-22,3213,72
174,Jehu Rudeforth,Australia,50% Dark Bites,14-Jan-22,5194,418
175,Karlen McCaffrey,UK,Baker's Choco Chips,07-Feb-22,4753,389
176,Jehu Rudeforth,Australia,Orange Choco,23-Mar-22,13706,26
177,Marney O'Breen,India,Peanut Butter Cubes,10-Jan-22,6489,146
178,Oby Sorrel,UK,Choco Coated Almonds,17-Mar-22,9324,41
179,Gigi Bohling,USA,Spicy Special Slims,21-Jan-22,10829,54
180,Barr Faughny,Australia,White Choc,04-Jul-22,8113,370
181,Kaine Padly,Canada,Peanut Butter Cubes,04-Jul-22,3269,176
182,Dotty Strutley,USA,Manuka Honey Choco,10-Aug-22,273,210
183,Dennison Crosswaite,Australia,50% Dark Bites,01-Apr-22,7287,12
184,Gigi Bohling,India,Raspberry Choco,22-Feb-22,2583,159
185,Camilla Castle,UK,White Choc,03-Jan-22,9982,187
186,Karlen McCaffrey,India,Drinking Coco,31-May-22,4795,233
187,Dotty Strutley,UK,99% Dark & Pure,03-Jan-22,9310,282
188,Husein Augar,New Zealand,Caramel Stuffed Bars,27-Jan-22,497,475
189,Barr Faughny,UK,50% Dark Bites,28-Jan-22,581,65
190,Curtice Advani,Australia,Organic Choco Syrup,28-Jun-22,3472,311
191,Husein Augar,UK,Choco Coated Almonds,02-Mar-22,4333,43
192,Wilone O'Kielt,Australia,After Nines,27-May-22,3325,26
193,Dennison Crosswaite,USA,Almond Choco,30-Jun-22,11718,84
194,Barr Faughny,Canada,Peanut Butter Cubes,07-Jun-22,2100,78
195,Kaine Padly,USA,70% Dark Bites,12-May-22,4018,100
196,Barr Faughny,New Zealand,Raspberry Choco,29-Jul-22,6468,66
197,Dennison Crosswaite,UK,White Choc,03-Aug-22,7238,265
198,Barr Faughny,India,Baker's Choco Chips,18-Aug-22,6454,141
199,Van Tuxwell,New Zealand,Smooth Sliky Salty,14-Jun-22,3115,42
200,Beverie Moffet,UK,White Choc,30-Jun-22,6475,76
201,Camilla Castle,New Zealand,Mint Chip Choco,13-Jun-22,1162,190
202,Ches Bonnell,UK,Orange Choco,27-Apr-22,14238,54
203,Jan Morforth,Australia,White Choc,27-Jul-22,3472,32
204,Mallorie Waber,Canada,85% Dark Bars,20-Apr-22,1428,424
205,Rafaelita Blaksland,India,Spicy Special Slims,04-Jan-22,8064,134
206,Ches Bonnell,Australia,Mint Chip Choco,21-Feb-22,9660,92
207,Karlen McCaffrey,Australia,White Choc,05-Jan-22,7357,48
208,Beverie Moffet,India,Drinking Coco,15-Jul-22,6055,46
209,Brien Boise,Australia,Choco Coated Almonds,25-May-22,5124,62
210,Karlen McCaffrey,Canada,Eclairs,20-Apr-22,3479,358
211,Gigi Bohling,USA,99% Dark & Pure,02-Jun-22,784,249
212,Marney O'Breen,UK,Smooth Sliky Salty,13-May-22,18991,88
213,Beverie Moffet,New Zealand,Baker's Choco Chips,03-Aug-22,1372,144
214,Beverie Moffet,Australia,Milk Bars,25-May-22,735,390
215,Van Tuxwell,UK,Raspberry Choco,16-Mar-22,6538,79
216,Jan Morforth,Australia,Orange Choco,04-Jul-22,3199,122
217,Jehu Rudeforth,India,50% Dark Bites,05-Jul-22,3472,135
218,Madelene Upcott,USA,After Nines,15-Mar-22,4571,430
219,Barr Faughny,UK,Raspberry Choco,22-Aug-22,5481,69
220,Ches Bonnell,Australia,70% Dark Bites,12-Jan-22,3136,125
221,Marney O'Breen,UK,Baker's Choco Chips,10-Jun-22,252,154
222,Kaine Padly,Australia,Peanut Butter Cubes,25-Mar-22,5460,286
223,Rafaelita Blaksland,India,Almond Choco,27-Jul-22,3395,99
224,Husein Augar,UK,Caramel Stuffed Bars,15-Apr-22,14938,433
225,Roddy Speechley,India,Orange Choco,27-Jun-22,4053,19
226,Jehu Rudeforth,UK,70% Dark Bites,14-Apr-22,5565,258
227,Husein Augar,Australia,Manuka Honey Choco,15-Mar-22,7161,92
228,Madelene Upcott,USA,Eclairs,18-Mar-22,8883,200
229,Brien Boise,India,Eclairs,29-Apr-22,1351,61
230,Mallorie Waber,New Zealand,White Choc,25-Feb-22,3171,246
231,Husein Augar,USA,Milk Bars,02-Mar-22,854,56
232,Van Tuxwell,Australia,Milk Bars,20-Jun-22,7910,87
233,Beverie Moffet,Canada,White Choc,15-Jul-22,9275,173
234,Dotty Strutley,Australia,50% Dark Bites,12-May-22,3108,252
235,Mallorie Waber,New Zealand,Organic Choco Syrup,01-Jul-22,5075,256
236,Husein Augar,USA,85% Dark Bars,08-Aug-22,378,54
237,Madelene Upcott,Australia,50% Dark Bites,25-Jul-22,7350,6
238,Wilone O'Kielt,UK,Drinking Coco,18-May-22,3388,55
239,Camilla Castle,India,Peanut Butter Cubes,15-Jul-22,11837,277
240,Curtice Advani,India,70% Dark Bites,05-Jul-22,2282,44
241,Mallorie Waber,USA,Manuka Honey Choco,04-Jul-22,5425,96
242,Dotty Strutley,UK,70% Dark Bites,20-Jun-22,1267,216
243,Gunar Cockshoot,Australia,Almond Choco,25-Jan-22,3752,424
244,Kaine Padly,New Zealand,Spicy Special Slims,01-Jul-22,7728,37
245,Gigi Bohling,USA,50% Dark Bites,13-Apr-22,2296,59
246,Beverie Moffet,UK,Smooth Sliky Salty,04-May-22,4403,76
247,Beverie Moffet,Australia,Baker's Choco Chips,04-Aug-22,3192,109
248,Beverie Moffet,India,70% Dark Bites,01-Jun-22,448,146
249,Jehu Rudeforth,UK,Choco Coated Almonds,22-Apr-22,4270,185
250,Kaine Padly,USA,50% Dark Bites,03-Aug-22,70,27
251,Ches Bonnell,USA,Orange Choco,10-Jun-22,1743,69
252,Gunar Cockshoot,UK,Manuka Honey Choco,27-Jun-22,6762,46
253,Marney O'Breen,Australia,Smooth Sliky Salty,03-Jan-22,3745,170
254,Marney O'Breen,India,After Nines,11-Jul-22,2639,179
255,Ches Bonnell,New Zealand,Milk Bars,17-Aug-22,4389,126
256,Rafaelita Blaksland,USA,Fruit & Nut Bars,18-Jan-22,2604,65
257,Ches Bonnell,India,Organic Choco Syrup,08-Mar-22,16569,99
258,Mallorie Waber,Australia,Orange Choco,07-Mar-22,14658,275
259,Husein Augar,India,70% Dark Bites,09-May-22,6454,157
260,Barr Faughny,New Zealand,85% Dark Bars,23-May-22,2100,157
261,Madelene Upcott,UK,Caramel Stuffed Bars,15-Apr-22,161,145
262,Gigi Bohling,Australia,Drinking Coco,27-Jul-22,2807,139
263,Marney O'Breen,Canada,Choco Coated Almonds,22-Aug-22,2639,406
264,Ches Bonnell,USA,70% Dark Bites,11-May-22,4571,122
265,Madelene Upcott,India,Organic Choco Syrup,26-Jan-22,4781,38
266,Barr Faughny,USA,50% Dark Bites,14-Apr-22,13034,117
267,Dennison Crosswaite,New Zealand,Mint Chip Choco,05-Apr-22,6454,417
268,Marney O'Breen,New Zealand,Smooth Sliky Salty,14-Jun-22,8484,57
269,Brien Boise,Canada,Almond Choco,13-Apr-22,4781,125
270,Beverie Moffet,Australia,White Choc,27-Jun-22,2240,166
271,Dotty Strutley,Australia,Eclairs,26-Jan-22,6979,3
272,Barr Faughny,UK,White Choc,05-Jul-22,1652,72
273,Beverie Moffet,Canada,Baker's Choco Chips,11-Jan-22,13447,95
274,Kelci Walkden,USA,White Choc,07-Mar-22,9422,22
275,Kaine Padly,Canada,50% Dark Bites,04-Mar-22,8687,100
276,Karlen McCaffrey,Canada,Organic Choco Syrup,15-Jul-22,2415,312
277,Kaine Padly,UK,Peanut Butter Cubes,11-May-22,6272,86
278,Karlen McCaffrey,USA,Milk Bars,27-Jan-22,4389,7
279,Karlen McCaffrey,India,Orange Choco,27-Jun-22,3122,149
280,Ches Bonnell,India,Smooth Sliky Salty,03-Aug-22,8043,18
281,Wilone O'Kielt,New Zealand,Mint Chip Choco,19-Aug-22,11662,242
282,Wilone O'Kielt,Australia,Fruit & Nut Bars,15-Jun-22,392,102
283,Dennison Crosswaite,UK,Peanut Butter Cubes,07-Feb-22,8925,158
284,Karlen McCaffrey,Australia,Almond Choco,08-Jul-22,7294,128
285,Dennison Crosswaite,India,Milk Bars,21-Apr-22,1526,96
286,Ches Bonnell,UK,Mint Chip Choco,08-Apr-22,2688,209
287,Husein Augar,Australia,50% Dark Bites,19-Aug-22,14889,52
288,Jan Morforth,India,Fruit & Nut Bars,04-May-22,2912,55
289,Mallorie Waber,USA,85% Dark Bars,11-May-22,2632,108
290,Mallorie Waber,USA,Eclairs,22-Mar-22,6328,51
291,Dennison Crosswaite,Canada,Spicy Special Slims,10-Aug-22,2527,216
292,Dennison Crosswaite,USA,Fruit & Nut Bars,04-May-22,1414,318
293,Kelci Walkden,USA,99% Dark & Pure,18-Aug-22,7714,238
294,Dotty Strutley,Canada,Raspberry Choco,03-Aug-22,4347,238
295,Marney O'Breen,New Zealand,Milk Bars,14-Jan-22,7490,315
296,Madelene Upcott,Australia,Choco Coated Almonds,08-Apr-22,2058,72
297,Kelci Walkden,UK,Orange Choco,01-Aug-22,3640,3
298,Dennison Crosswaite,Canada,Eclairs,15-Mar-22,455,45
299,Karlen McCaffrey,India,Mint Chip Choco,15-Jul-22,10990,184
300,Barr Faughny,New Zealand,Almond Choco,13-Jan-22,5558,127
301,Mallorie Waber,Australia,85% Dark Bars,26-Aug-22,2541,53
302,Ches Bonnell,Canada,Eclairs,10-Jan-22,1876,172
303,Gigi Bohling,Australia,White Choc,11-May-22,5523,87
304,Beverie Moffet,New Zealand,85% Dark Bars,30-Aug-22,11200,22
305,Kaine Padly,USA,Caramel Stuffed Bars,21-Jul-22,5593,122
306,Mallorie Waber,Australia,Almond Choco,01-Aug-22,7882,125
307,Brien Boise,Canada,85% Dark Bars,17-Feb-22,10241,259
308,Brien Boise,Australia,Drinking Coco,27-Jul-22,6832,156
309,Dotty Strutley,USA,Orange Choco,23-Feb-22,1379,107
310,Rafaelita Blaksland,Australia,50% Dark Bites,22-Mar-22,3010,40
311,Dennison Crosswaite,India,99% Dark & Pure,23-Jun-22,6888,311
312,Curtice Advani,UK,White Choc,01-Feb-22,1540,73
313,Kelci Walkden,Australia,After Nines,02-Mar-22,6916,288
314,Gigi Bohling,UK,Fruit & Nut Bars,06-Apr-22,1232,86
315,Gunar Cockshoot,Australia,Raspberry Choco,17-Mar-22,602,72
316,Curtice Advani,UK,Fruit & Nut Bars,24-Jun-22,10927,136
317,Barr Faughny,Canada,50% Dark Bites,19-Jul-22,10185,303
318,Curtice Advani,USA,Spicy Special Slims,11-Jul-22,1603,264
319,Brien Boise,India,Almond Choco,13-Jan-22,2170,218
320,Oby Sorrel,New Zealand,Smooth Sliky Salty,07-Jul-22,8673,60
321,Jan Morforth,India,85% Dark Bars,25-May-22,4760,418
322,Marney O'Breen,India,Fruit & Nut Bars,13-Apr-22,4753,151
323,Andria Kimpton,New Zealand,50% Dark Bites,02-Mar-22,3374,202
324,Gunar Cockshoot,Canada,Raspberry Choco,23-Jun-22,2058,126
325,Kelci Walkden,USA,Drinking Coco,26-Jul-22,6454,160
326,Van Tuxwell,Canada,White Choc,22-Mar-22,420,3
327,Rafaelita Blaksland,USA,Baker's Choco Chips,09-Jun-22,2863,58
328,Van Tuxwell,Australia,Caramel Stuffed Bars,17-May-22,5936,59
329,Ches Bonnell,New Zealand,Peanut Butter Cubes,04-Mar-22,889,273
330,Kelci Walkden,Canada,Milk Bars,07-Jul-22,16016,28
331,Dennison Crosswaite,Canada,Choco Coated Almonds,13-Jan-22,10479,118
332,Curtice Advani,Australia,Almond Choco,13-Jul-22,2912,75
333,Madelene Upcott,Australia,85% Dark Bars,16-Jun-22,1575,329
334,Gigi Bohling,UK,50% Dark Bites,18-Jul-22,8197,69
335,Ches Bonnell,UK,Manuka Honey Choco,30-May-22,4221,395
336,Gigi Bohling,UK,70% Dark Bites,21-Jun-22,840,81
337,Jehu Rudeforth,Australia,Peanut Butter Cubes,24-Jun-22,5691,38
338,Marney O'Breen,India,Eclairs,13-Jan-22,3472,96
339,Curtice Advani,Canada,Fruit & Nut Bars,04-Apr-22,4193,195
340,Kaine Padly,UK,Smooth Sliky Salty,08-Jun-22,9016,554
341,Karlen McCaffrey,Canada,Spicy Special Slims,02-Aug-22,6328,47
342,Kelci Walkden,USA,Organic Choco Syrup,21-Jul-22,9870,152
343,Curtice Advani,India,Spicy Special Slims,20-Jun-22,161,134
344,Roddy Speechley,India,After Nines,22-Jun-22,2576,112
345,Camilla Castle,Australia,Caramel Stuffed Bars,02-May-22,3178,16
346,Curtice Advani,Australia,99% Dark & Pure,07-Jan-22,4676,84
347,Mallorie Waber,UK,50% Dark Bites,21-Feb-22,5502,99
348,Ches Bonnell,Canada,Baker's Choco Chips,21-Mar-22,7462,371
349,Van Tuxwell,UK,Drinking Coco,04-Apr-22,5803,136
350,Gunar Cockshoot,Canada,Fruit & Nut Bars,24-Mar-22,13888,203
351,Gunar Cockshoot,New Zealand,Spicy Special Slims,28-Jun-22,6867,183
352,Gunar Cockshoot,Australia,Drinking Coco,14-Jan-22,2317,195
353,Karlen McCaffrey,New Zealand,Fruit & Nut Bars,07-Feb-22,1218,135
354,Dennison Crosswaite,New Zealand,Drinking Coco,11-Jan-22,4109,197
355,Jehu Rudeforth,India,99% Dark & Pure,25-Feb-22,1953,242
356,Dotty Strutley,Australia,Mint Chip Choco,01-Aug-22,6790,25
357,Roddy Speechley,Australia,Mint Chip Choco,05-May-22,6797,252
358,Madelene Upcott,New Zealand,Raspberry Choco,18-May-22,9226,415
359,Dotty Strutley,New Zealand,Choco Coated Almonds,04-Jan-22,5733,348
360,Roddy Speechley,New Zealand,50% Dark Bites,09-May-22,4312,211
361,Rafaelita Blaksland,India,Smooth Sliky Salty,06-May-22,1638,81
362,Husein Augar,UK,White Choc,13-Jan-22,10815,145
363,Roddy Speechley,Australia,Almond Choco,24-Jun-22,4466,74
364,Van Tuxwell,USA,Caramel Stuffed Bars,14-Feb-22,987,21
365,Camilla Castle,Australia,99% Dark & Pure,18-Jan-22,4669,101
366,Kaine Padly,India,Milk Bars,02-May-22,2905,91
367,Ches Bonnell,Australia,Smooth Sliky Salty,16-May-22,7490,54
368,Mallorie Waber,USA,Almond Choco,28-Jan-22,6986,368
369,Kaine Padly,Canada,99% Dark & Pure,24-Jun-22,1288,409
370,Oby Sorrel,UK,After Nines,18-Jul-22,2345,104
371,Gunar Cockshoot,UK,Eclairs,13-Apr-22,3619,164
372,Dotty Strutley,USA,Caramel Stuffed Bars,15-Apr-22,16982,76
373,Jan Morforth,India,Peanut Butter Cubes,04-Jan-22,8092,178
374,Husein Augar,Australia,Eclairs,04-Jul-22,6993,31
375,Beverie Moffet,USA,Smooth Sliky Salty,24-Mar-22,2317,352
376,Camilla Castle,Australia,Manuka Honey Choco,17-Mar-22,637,169
377,Oby Sorrel,Australia,Almond Choco,15-Feb-22,6034,223
378,Jan Morforth,USA,Orange Choco,29-Jun-22,980,146
379,Gigi Bohling,USA,Fruit & Nut Bars,24-May-22,2821,112
380,Mallorie Waber,UK,Milk Bars,10-Jan-22,3563,284
381,Curtice Advani,USA,Raspberry Choco,15-Mar-22,2996,139
382,Marney O'Breen,Canada,Milk Bars,08-Feb-22,2436,309
383,Brien Boise,India,Caramel Stuffed Bars,25-Feb-22,1540,100
384,Gunar Cockshoot,USA,Eclairs,03-May-22,6916,42
385,Roddy Speechley,USA,Fruit & Nut Bars,14-Jun-22,5509,24
386,Gunar Cockshoot,India,50% Dark Bites,09-Aug-22,12992,83
387,Wilone O'Kielt,New Zealand,Manuka Honey Choco,11-Jul-22,3724,234
388,Kaine Padly,UK,Manuka Honey Choco,14-Jan-22,7133,118
389,Van Tuxwell,Canada,Manuka Honey Choco,24-Feb-22,8617,46
390,Wilone O'Kielt,New Zealand,Almond Choco,15-Mar-22,9198,144
391,Oby Sorrel,New Zealand,Baker's Choco Chips,25-Apr-22,11823,47
392,Dennison Crosswaite,Australia,Organic Choco Syrup,10-May-22,5775,41
393,Marney O'Breen,Australia,Spicy Special Slims,23-Jun-22,13125,275
394,Beverie Moffet,Canada,Smooth Sliky Salty,28-Feb-22,14287,370
395,Brien Boise,USA,Organic Choco Syrup,25-May-22,16233,138
396,Roddy Speechley,New Zealand,Baker's Choco Chips,22-Feb-22,5313,215
397,Van Tuxwell,UK,85% Dark Bars,11-Jul-22,3577,134
398,Marney O'Breen,Canada,Spicy Special Slims,03-Jan-22,3528,336
399,Rafaelita Blaksland,New Zealand,70% Dark Bites,24-Aug-22,679,280
400,Beverie Moffet,USA,50% Dark Bites,28-Jul-22,2450,352
401,Brien Boise,USA,Mint Chip Choco,25-May-22,10577,150
402,Karlen McCaffrey,New Zealand,Eclairs,06-May-22,2597,177
403,Barr Faughny,India,Drinking Coco,28-Jan-22,2219,142
404,Marney O'Breen,UK,Orange Choco,06-Jun-22,11319,12
405,Brien Boise,New Zealand,Baker's Choco Chips,12-Jul-22,5978,24
406,Ches Bonnell,Canada,Spicy Special Slims,05-Aug-22,5327,183
407,Brien Boise,USA,Orange Choco,28-Jan-22,6020,147
408,Kaine Padly,India,Spicy Special Slims,31-Aug-22,5614,137
409,Mallorie Waber,USA,50% Dark Bites,19-Apr-22,1736,13
410,Mallorie Waber,UK,Mint Chip Choco,29-Jun-22,6384,2
411,Beverie Moffet,India,Choco Coated Almonds,24-Feb-22,3577,261
412,Madelene Upcott,UK,Smooth Sliky Salty,04-Mar-22,14539,84
413,Gigi Bohling,India,Eclairs,21-Jun-22,3493,68
414,Rafaelita Blaksland,Australia,Organic Choco Syrup,26-Jan-22,994,105
415,Oby Sorrel,New Zealand,White Choc,10-Jun-22,4361,40
416,Andria Kimpton,UK,Drinking Coco,23-May-22,1554,65
417,Kelci Walkden,India,Milk Bars,15-Apr-22,966,107
418,Karlen McCaffrey,New Zealand,Caramel Stuffed Bars,31-Jan-22,5334,227
419,Andria Kimpton,New Zealand,Organic Choco Syrup,04-Mar-22,4935,39
420,Barr Faughny,New Zealand,After Nines,19-Apr-22,10024,84
421,Beverie Moffet,UK,Almond Choco,16-May-22,2506,100
422,Oby Sorrel,Australia,Raspberry Choco,17-Feb-22,1043,120
423,Dennison Crosswaite,USA,Raspberry Choco,18-Jan-22,6524,257
424,Roddy Speechley,Canada,Orange Choco,09-Feb-22,8148,85
425,Mallorie Waber,Canada,Orange Choco,23-Mar-22,3577,178
426,Madelene Upcott,New Zealand,Caramel Stuffed Bars,01-Feb-22,3374,151
427,Mallorie Waber,India,Drinking Coco,07-Mar-22,3948,142
428,Ches Bonnell,UK,White Choc,03-Jan-22,3269,226
429,Ches Bonnell,USA,White Choc,11-Feb-22,5271,341
430,Dennison Crosswaite,New Zealand,Orange Choco,16-Mar-22,4571,140
431,Dotty Strutley,India,White Choc,15-Aug-22,12327,330
432,Gigi Bohling,India,Manuka Honey Choco,12-May-22,4935,73
433,Van Tuxwell,India,Spicy Special Slims,11-Apr-22,6167,4
434,Jan Morforth,New Zealand,Mint Chip Choco,30-Jun-22,18340,285
435,Dotty Strutley,New Zealand,White Choc,15-Jun-22,7014,60
436,Rafaelita Blaksland,Canada,Caramel Stuffed Bars,01-Aug-22,7119,101
437,Kaine Padly,USA,Milk Bars,15-Jun-22,15491,58
438,Brien Boise,India,After Nines,16-Jun-22,5747,45
439,Oby Sorrel,New Zealand,Raspberry Choco,13-May-22,4550,281
440,Dennison Crosswaite,USA,Drinking Coco,10-May-22,2191,138
441,Oby Sorrel,India,Eclairs,25-Aug-22,5663,322
442,Ches Bonnell,New Zealand,Organic Choco Syrup,15-Jul-22,7623,85
443,Gigi Bohling,UK,Baker's Choco Chips,16-May-22,9023,409
444,Jan Morforth,Australia,50% Dark Bites,14-Jun-22,3402,182
445,Beverie Moffet,Australia,Smooth Sliky Salty,25-Jan-22,10507,467
446,Ches Bonnell,USA,Organic Choco Syrup,28-Jul-22,7721,14
447,Brien Boise,Canada,Mint Chip Choco,28-Jan-22,5033,178
448,Kaine Padly,UK,Orange Choco,29-Jun-22,1960,191
449,Karlen McCaffrey,Australia,70% Dark Bites,24-Jun-22,238,317
450,Gunar Cockshoot,Canada,Mint Chip Choco,01-Jul-22,7756,410
451,Roddy Speechley,USA,Peanut Butter Cubes,25-Feb-22,1736,137
452,Curtice Advani,Canada,Smooth Sliky Salty,01-Aug-22,2660,12
453,Oby Sorrel,Australia,Milk Bars,21-Jun-22,7672,254
454,Camilla Castle,New Zealand,Spicy Special Slims,25-Jan-22,11564,24
455,Gigi Bohling,UK,Milk Bars,17-May-22,1365,232
456,Andria Kimpton,Australia,85% Dark Bars,23-Aug-22,4186,233
457,Camilla Castle,Australia,Smooth Sliky Salty,03-Mar-22,7406,118
458,Roddy Speechley,India,Caramel Stuffed Bars,30-May-22,8911,543
459,Karlen McCaffrey,USA,Drinking Coco,29-Jun-22,112,223
460,Andria Kimpton,Canada,Organic Choco Syrup,04-Jan-22,8204,204
461,Jehu Rudeforth,Australia,Drinking Coco,14-Jan-22,2611,65
462,Karlen McCaffrey,USA,Mint Chip Choco,15-Feb-22,15652,53
463,Curtice Advani,New Zealand,Spicy Special Slims,10-Jan-22,4074,469
464,Madelene Upcott,USA,White Choc,04-May-22,12250,213
465,Andria Kimpton,USA,Spicy Special Slims,23-May-22,2366,5
466,Barr Faughny,New Zealand,Fruit & Nut Bars,26-Apr-22,1687,147
467,Oby Sorrel,Canada,Organic Choco Syrup,05-Jul-22,1232,74
468,Madelene Upcott,UK,Organic Choco Syrup,21-Jul-22,6965,163
469,Dotty Strutley,USA,Mint Chip Choco,21-Feb-22,5292,248
470,Kelci Walkden,USA,Orange Choco,03-Feb-22,1379,138
471,Gigi Bohling,Australia,Caramel Stuffed Bars,08-Jul-22,8001,151
472,Mallorie Waber,India,50% Dark Bites,31-May-22,588,139
473,Van Tuxwell,New Zealand,Mint Chip Choco,27-Jun-22,4046,103
474,Van Tuxwell,India,50% Dark Bites,13-May-22,5103,129
475,Van Tuxwell,USA,Manuka Honey Choco,31-May-22,2317,102
476,Wilone O'Kielt,USA,Orange Choco,28-Feb-22,7042,37
477,Barr Faughny,New Zealand,Eclairs,28-Mar-22,6713,31
478,Gigi Bohling,USA,After Nines,14-Jan-22,1848,227
479,Barr Faughny,New Zealand,Mint Chip Choco,21-Feb-22,6440,145
480,Dennison Crosswaite,Canada,85% Dark Bars,01-Aug-22,10885,90
481,Beverie Moffet,New Zealand,Smooth Sliky Salty,19-May-22,2387,59
482,Husein Augar,USA,White Choc,13-Jul-22,2030,60
483,Andria Kimpton,Australia,Peanut Butter Cubes,20-Apr-22,6678,148
484,Dennison Crosswaite,India,85% Dark Bars,30-Jun-22,4515,22
485,Curtice Advani,UK,50% Dark Bites,08-Mar-22,3374,142
486,Gunar Cockshoot,USA,Fruit & Nut Bars,09-Mar-22,5852,93
487,Oby Sorrel,Canada,Raspberry Choco,16-Jun-22,1750,208
488,Gigi Bohling,UK,Drinking Coco,30-Jun-22,5782,42
489,Kelci Walkden,India,Mint Chip Choco,28-Jul-22,2870,120
490,Karlen McCaffrey,Canada,Peanut Butter Cubes,12-Aug-22,3094,159
491,Barr Faughny,UK,Mint Chip Choco,07-Jul-22,3724,316
492,Barr Faughny,USA,85% Dark Bars,25-Aug-22,12761,47
493,Husein Augar,Canada,Eclairs,17-Jan-22,3696,233
494,Jan Morforth,Australia,70% Dark Bites,04-Mar-22,5222,384
495,Marney O'Breen,New Zealand,Fruit & Nut Bars,25-Aug-22,8939,4
496,Ches Bonnell,UK,Peanut Butter Cubes,15-Apr-22,2156,260
497,Kaine Padly,USA,Organic Choco Syrup,11-Mar-22,2380,22
498,Camilla Castle,USA,Raspberry Choco,20-May-22,3339,18
499,Brien Boise,New Zealand,Manuka Honey Choco,14-Jun-22,14980,42
500,Jehu Rudeforth,New Zealand,After Nines,14-Apr-22,1512,73
501,Jehu Rudeforth,USA,Smooth Sliky Salty,07-Jul-22,6657,154
502,Madelene Upcott,India,Mint Chip Choco,24-Aug-22,3836,71
503,Jehu Rudeforth,India,Eclairs,24-Feb-22,8771,127
504,Karlen McCaffrey,Canada,Raspberry Choco,09-May-22,651,224
505,Kaine Padly,Australia,70% Dark Bites,08-Feb-22,6706,223
506,Roddy Speechley,UK,70% Dark Bites,24-Mar-22,1421,284
507,Rafaelita Blaksland,USA,Drinking Coco,20-Jun-22,8526,73
508,Mallorie Waber,Canada,Manuka Honey Choco,07-Mar-22,1435,112
509,Kaine Padly,Australia,Fruit & Nut Bars,20-Jun-22,7434,85
510,Oby Sorrel,New Zealand,Organic Choco Syrup,17-Feb-22,15316,270
511,Madelene Upcott,UK,99% Dark & Pure,26-Jan-22,10479,45
512,Madelene Upcott,Australia,Mint Chip Choco,02-May-22,2751,153
513,Curtice Advani,Canada,99% Dark & Pure,07-Jul-22,12586,7
514,Rafaelita Blaksland,Australia,Baker's Choco Chips,22-Aug-22,2786,51
515,Karlen McCaffrey,Australia,After Nines,11-Aug-22,2303,67
516,Marney O'Breen,UK,99% Dark & Pure,13-Jan-22,8113,194
517,Gunar Cockshoot,Australia,50% Dark Bites,02-Mar-22,12271,116
518,Marney O'Breen,Australia,Choco Coated Almonds,27-Jul-22,11298,41
519,Kelci Walkden,New Zealand,Drinking Coco,10-Mar-22,15855,111
520,Beverie Moffet,USA,85% Dark Bars,23-Aug-22,12404,334
521,Roddy Speechley,USA,Eclairs,25-Apr-22,3990,155
522,Dennison Crosswaite,UK,Milk Bars,07-Mar-22,10808,407
523,Wilone O'Kielt,UK,Organic Choco Syrup,12-Jul-22,4858,52
524,Madelene Upcott,USA,Orange Choco,16-May-22,7742,138
525,Gunar Cockshoot,India,Smooth Sliky Salty,02-Mar-22,3752,70
526,Marney O'Breen,New Zealand,85% Dark Bars,30-May-22,1218,149
527,Marney O'Breen,UK,Manuka Honey Choco,10-Jun-22,10983,179
528,Brien Boise,USA,99% Dark & Pure,25-Jul-22,6769,353
529,Beverie Moffet,New Zealand,Mint Chip Choco,09-Jun-22,4361,97
530,Dennison Crosswaite,USA,Milk Bars,12-May-22,777,60
531,Gunar Cockshoot,USA,Drinking Coco,09-May-22,3843,5
532,Brien Boise,Canada,Manuka Honey Choco,09-Aug-22,6930,182
533,Van Tuxwell,India,Choco Coated Almonds,13-Apr-22,5733,114
534,Andria Kimpton,USA,Caramel Stuffed Bars,02-May-22,8393,46
535,Dotty Strutley,USA,99% Dark & Pure,09-Aug-22,3822,320
536,Camilla Castle,Australia,Raspberry Choco,23-Aug-22,6342,178
537,Gunar Cockshoot,India,Spicy Special Slims,13-May-22,6510,170
538,Karlen McCaffrey,USA,Manuka Honey Choco,01-Feb-22,10171,67
539,Camilla Castle,USA,50% Dark Bites,23-Jun-22,5908,301
540,Madelene Upcott,UK,Choco Coated Almonds,24-May-22,10164,134
541,Jan Morforth,Canada,Mint Chip Choco,01-Apr-22,1064,211
542,Camilla Castle,Canada,70% Dark Bites,27-Jul-22,9716,151
543,Ches Bonnell,India,Peanut Butter Cubes,27-Jan-22,22050,208
544,Jan Morforth,India,Choco Coated Almonds,12-Aug-22,2541,134
545,Gigi Bohling,Canada,Almond Choco,01-Feb-22,9989,49
546,Rafaelita Blaksland,India,After Nines,02-Mar-22,4739,204
547,Kelci Walkden,Australia,99% Dark & Pure,30-Jun-22,3185,34
548,Dotty Strutley,Australia,Spicy Special Slims,17-Jan-22,8225,91
549,Brien Boise,USA,Milk Bars,07-Jul-22,14301,130
550,Mallorie Waber,New Zealand,Mint Chip Choco,31-Jan-22,1316,107
551,Beverie Moffet,UK,99% Dark & Pure,10-Aug-22,3486,121
552,Beverie Moffet,USA,Peanut Butter Cubes,18-Aug-22,13930,339
553,Brien Boise,New Zealand,White Choc,15-Jun-22,5509,321
554,Marney O'Breen,USA,Baker's Choco Chips,26-Jan-22,8470,9
555,Kelci Walkden,USA,Spicy Special Slims,29-Apr-22,77,69
556,Mallorie Waber,Canada,White Choc,03-Mar-22,3381,72
557,Kaine Padly,Australia,Almond Choco,22-Feb-22,4102,392
558,Oby Sorrel,USA,Smooth Sliky Salty,04-Mar-22,3577,158
559,Dennison Crosswaite,India,Smooth Sliky Salty,07-Jul-22,2975,9
560,Camilla Castle,New Zealand,Caramel Stuffed Bars,17-Jun-22,4137,347
561,Jan Morforth,Canada,Caramel Stuffed Bars,02-Aug-22,9541,114
562,Oby Sorrel,USA,Baker's Choco Chips,12-Aug-22,8001,120
563,Madelene Upcott,New Zealand,Peanut Butter Cubes,28-Jan-22,5152,333
564,Kelci Walkden,Australia,Orange Choco,29-Apr-22,11116,432
565,Marney O'Breen,Australia,Manuka Honey Choco,05-Apr-22,13076,236
566,Kaine Padly,Canada,Manuka Honey Choco,18-Jan-22,10213,135
567,Jehu Rudeforth,UK,Baker's Choco Chips,16-May-22,2485,97
568,Kelci Walkden,Australia,White Choc,24-Aug-22,8715,168
569,Curtice Advani,India,85% Dark Bars,18-Jan-22,273,402
570,Kaine Padly,USA,Eclairs,22-Aug-22,7623,10
571,Gunar Cockshoot,UK,99% Dark & Pure,07-Mar-22,7,84
572,Beverie Moffet,UK,Choco Coated Almonds,04-Mar-22,3010,69
573,Dotty Strutley,Canada,Manuka Honey Choco,22-Apr-22,11550,111
574,Kaine Padly,Australia,Milk Bars,09-Jun-22,4046,89
575,Jan Morforth,Canada,Fruit & Nut Bars,25-Jul-22,8904,199
576,Jan Morforth,India,Smooth Sliky Salty,03-Aug-22,11298,89
577,Rafaelita Blaksland,Australia,Manuka Honey Choco,03-Aug-22,4396,131
578,Jehu Rudeforth,UK,Milk Bars,03-May-22,12068,227
579,Husein Augar,Canada,After Nines,19-Jan-22,9772,301
580,Roddy Speechley,USA,50% Dark Bites,11-Feb-22,10458,316
581,Van Tuxwell,India,Almond Choco,14-Jun-22,6426,390
582,Kelci Walkden,USA,50% Dark Bites,23-Mar-22,6188,223
583,Madelene Upcott,Canada,85% Dark Bars,17-Feb-22,7504,101
584,Dennison Crosswaite,Canada,Smooth Sliky Salty,17-Mar-22,1750,479
585,Mallorie Waber,Australia,Spicy Special Slims,29-Jun-22,5439,287
586,Ches Bonnell,Canada,Choco Coated Almonds,24-Aug-22,15547,269
587,Gigi Bohling,Canada,Spicy Special Slims,04-Jul-22,11956,277
588,Roddy Speechley,New Zealand,Almond Choco,28-Mar-22,2723,67
589,Curtice Advani,India,Smooth Sliky Salty,19-Apr-22,19327,135
590,Ches Bonnell,New Zealand,Mint Chip Choco,18-Jan-22,9058,229
591,Van Tuxwell,New Zealand,Fruit & Nut Bars,17-Jan-22,2996,88
592,Andria Kimpton,New Zealand,Mint Chip Choco,15-Feb-22,8848,211
593,Andria Kimpton,UK,Milk Bars,11-Feb-22,14336,293
594,Camilla Castle,USA,Manuka Honey Choco,21-Mar-22,16401,179
595,Gunar Cockshoot,New Zealand,Almond Choco,05-Jan-22,5173,129
596,Brien Boise,India,Raspberry Choco,30-May-22,6328,164
597,Jehu Rudeforth,USA,99% Dark & Pure,04-Jan-22,2534,219
598,Beverie Moffet,Australia,Fruit & Nut Bars,22-Apr-22,1435,258
599,Gigi Bohling,Canada,Milk Bars,10-Feb-22,3052,116
600,Dotty Strutley,India,Spicy Special Slims,12-Aug-22,910,204
601,Gunar Cockshoot,USA,Organic Choco Syrup,10-Aug-22,2331,321
602,Kelci Walkden,Australia,Raspberry Choco,07-Jun-22,679,56
603,Jehu Rudeforth,India,Baker's Choco Chips,06-Jun-22,2086,74
604,Karlen McCaffrey,New Zealand,Baker's Choco Chips,05-Apr-22,5012,189
605,Wilone O'Kielt,USA,50% Dark Bites,18-Apr-22,4501,131
606,Andria Kimpton,India,50% Dark Bites,31-Jan-22,13482,15
607,Madelene Upcott,USA,Baker's Choco Chips,22-Aug-22,5621,140
608,Jehu Rudeforth,Australia,99% Dark & Pure,25-Feb-22,10486,198
609,Jan Morforth,Australia,Mint Chip Choco,22-Feb-22,17626,103
610,Oby Sorrel,New Zealand,Milk Bars,12-Jan-22,4494,187
611,Brien Boise,UK,Almond Choco,25-May-22,105,125
612,Kelci Walkden,India,Smooth Sliky Salty,01-Feb-22,2464,8
613,Rafaelita Blaksland,UK,Eclairs,27-Apr-22,1379,70
614,Gigi Bohling,USA,Smooth Sliky Salty,22-Jul-22,2583,126
615,Curtice Advani,New Zealand,Mint Chip Choco,26-Jan-22,3220,265
616,Curtice Advani,USA,Mint Chip Choco,24-Aug-22,4802,296
617,Madelene Upcott,New Zealand,Fruit & Nut Bars,18-Jan-22,5677,21
618,Karlen McCaffrey,India,85% Dark Bars,30-Mar-22,945,83
619,Ches Bonnell,Australia,Caramel Stuffed Bars,17-Jan-22,8757,162
620,Kelci Walkden,USA,Fruit & Nut Bars,17-Feb-22,4816,145
621,Kelci Walkden,Canada,Peanut Butter Cubes,08-Apr-22,7532,44
622,Gigi Bohling,Canada,Drinking Coco,06-Jul-22,3549,82
623,Husein Augar,India,Fruit & Nut Bars,04-Apr-22,4340,226
624,Jan Morforth,New Zealand,Organic Choco Syrup,02-Mar-22,1799,207
625,Gigi Bohling,New Zealand,Raspberry Choco,09-Aug-22,1127,176
626,Dennison Crosswaite,Australia,Milk Bars,09-Jun-22,10038,286
627,Ches Bonnell,UK,Caramel Stuffed Bars,02-Jun-22,2926,300
628,Van Tuxwell,USA,Fruit & Nut Bars,05-Jul-22,6279,235
629,Andria Kimpton,Canada,Eclairs,11-Aug-22,308,125
630,Madelene Upcott,India,Choco Coated Almonds,11-Feb-22,3500,145
631,Kelci Walkden,New Zealand,Spicy Special Slims,11-Aug-22,658,65
632,Roddy Speechley,Australia,Drinking Coco,12-May-22,12565,102
633,Wilone O'Kielt,USA,Milk Bars,15-Jul-22,5012,93
634,Andria Kimpton,India,Organic Choco Syrup,18-Jan-22,3955,134
635,Madelene Upcott,UK,Fruit & Nut Bars,05-Jan-22,8512,189
636,Curtice Advani,Australia,50% Dark Bites,29-Jun-22,504,232
637,Brien Boise,Canada,Raspberry Choco,14-Jun-22,2800,45
638,Gunar Cockshoot,India,Mint Chip Choco,08-Aug-22,4256,67
639,Dennison Crosswaite,India,Mint Chip Choco,23-Mar-22,13573,138
640,Barr Faughny,India,Caramel Stuffed Bars,04-Jan-22,6566,99
641,Brien Boise,India,Milk Bars,22-Feb-22,13503,251
642,Beverie Moffet,UK,Spicy Special Slims,17-Feb-22,8680,252
643,Barr Faughny,USA,Almond Choco,03-Feb-22,385,78
644,Van Tuxwell,Canada,Raspberry Choco,17-Mar-22,1267,130
645,Wilone O'Kielt,Australia,Baker's Choco Chips,25-Jan-22,2961,154
646,Brien Boise,Australia,Milk Bars,27-Jul-22,1981,52
647,Husein Augar,Australia,Fruit & Nut Bars,28-Jan-22,7959,53
648,Madelene Upcott,Australia,Organic Choco Syrup,05-Jul-22,10794,50
649,Van Tuxwell,India,White Choc,15-Mar-22,1897,44
650,Gunar Cockshoot,Canada,After Nines,04-Aug-22,2744,200
651,Jan Morforth,USA,Fruit & Nut Bars,27-Jun-22,4382,361
652,Jan Morforth,Canada,After Nines,13-Jul-22,4515,172
653,Barr Faughny,New Zealand,Manuka Honey Choco,24-Feb-22,5474,239
654,Karlen McCaffrey,New Zealand,85% Dark Bars,28-Jun-22,6069,55
655,Oby Sorrel,Australia,85% Dark Bars,30-Jun-22,6944,27
656,Curtice Advani,Canada,Choco Coated Almonds,18-Aug-22,5859,7
657,Kaine Padly,India,70% Dark Bites,24-Jan-22,12173,301
658,Beverie Moffet,USA,White Choc,11-Mar-22,5292,134
659,Ches Bonnell,New Zealand,After Nines,23-Jun-22,5705,350
660,Husein Augar,India,Spicy Special Slims,22-Aug-22,2492,33
661,Gunar Cockshoot,Canada,50% Dark Bites,04-Jan-22,3024,23
662,Curtice Advani,India,Milk Bars,05-Apr-22,3437,201
663,Beverie Moffet,India,Milk Bars,15-Apr-22,1869,323
664,Husein Augar,Australia,White Choc,11-May-22,3171,220
665,Andria Kimpton,Canada,Manuka Honey Choco,21-Jul-22,4858,488
666,Jan Morforth,New Zealand,Orange Choco,11-Feb-22,1225,84
667,Andria Kimpton,Canada,Smooth Sliky Salty,08-Jul-22,1155,79
668,Gunar Cockshoot,UK,Raspberry Choco,11-Aug-22,6811,344
669,Husein Augar,New Zealand,After Nines,04-Aug-22,6433,7
670,Andria Kimpton,New Zealand,Orange Choco,14-Jun-22,8169,88
671,Dennison Crosswaite,UK,Baker's Choco Chips,17-Jan-22,2275,275
672,Jehu Rudeforth,Canada,Orange Choco,23-Jun-22,3857,512
673,Jehu Rudeforth,UK,Smooth Sliky Salty,24-Aug-22,1463,113
674,Andria Kimpton,UK,Caramel Stuffed Bars,07-Jun-22,7924,275
675,Jan Morforth,UK,White Choc,22-Jun-22,8799,47
676,Dotty Strutley,USA,Fruit & Nut Bars,13-Jul-22,2898,276
677,Kelci Walkden,UK,Choco Coated Almonds,24-May-22,9506,212
678,Gunar Cockshoot,New Zealand,After Nines,09-Aug-22,7175,145
679,Kaine Padly,Canada,85% Dark Bars,06-Apr-22,1729,31
680,Jan Morforth,New Zealand,Manuka Honey Choco,28-Jul-22,1589,271
681,Gunar Cockshoot,New Zealand,Raspberry Choco,24-Aug-22,630,52
682,Van Tuxwell,Australia,99% Dark & Pure,17-Jan-22,112,128
683,Curtice Advani,USA,Drinking Coco,07-Feb-22,5187,142
684,Brien Boise,Australia,Spicy Special Slims,09-May-22,6223,256
685,Mallorie Waber,New Zealand,85% Dark Bars,06-Jun-22,7714,106
686,Wilone O'Kielt,USA,Choco Coated Almonds,06-Jun-22,9457,6
687,Beverie Moffet,New Zealand,Organic Choco Syrup,24-May-22,6678,226
688,Gunar Cockshoot,UK,50% Dark Bites,13-Jan-22,2107,121
689,Marney O'Breen,USA,Raspberry Choco,23-May-22,6069,151
690,Jehu Rudeforth,UK,White Choc,29-Jun-22,1862,284
691,Jehu Rudeforth,New Zealand,85% Dark Bars,11-Mar-22,6972,89
692,Dotty Strutley,USA,85% Dark Bars,25-Apr-22,10220,508
693,Rafaelita Blaksland,Australia,Smooth Sliky Salty,30-May-22,3969,243
694,Curtice Advani,India,Manuka Honey Choco,23-May-22,1547,170
695,Mallorie Waber,USA,Peanut Butter Cubes,23-May-22,1162,18
696,Van Tuxwell,Canada,Peanut Butter Cubes,24-Jun-22,6342,282
697,Kelci Walkden,New Zealand,Smooth Sliky Salty,11-Mar-22,10633,277
698,Rafaelita Blaksland,USA,Smooth Sliky Salty,27-Jul-22,15057,212
699,Rafaelita Blaksland,USA,White Choc,16-Aug-22,4704,126
700,Roddy Speechley,Canada,Smooth Sliky Salty,07-Mar-22,9338,11
701,Curtice Advani,New Zealand,After Nines,05-Apr-22,7959,30
702,Camilla Castle,India,85% Dark Bars,04-May-22,9023,51
703,Ches Bonnell,USA,Choco Coated Almonds,04-Jan-22,14525,92
704,Marney O'Breen,Australia,Baker's Choco Chips,13-Jan-22,5810,101
705,Wilone O'Kielt,New Zealand,Fruit & Nut Bars,11-Jul-22,6426,98
706,Kaine Padly,Australia,Mint Chip Choco,17-May-22,4403,159
707,Camilla Castle,New Zealand,Peanut Butter Cubes,21-Jul-22,1582,62
708,Curtice Advani,Canada,Organic Choco Syrup,22-Feb-22,791,22
709,Jan Morforth,India,99% Dark & Pure,23-May-22,9100,187
710,Rafaelita Blaksland,Canada,Drinking Coco,12-Jul-22,9884,200
711,Jan Morforth,UK,Orange Choco,15-Jun-22,3780,201
712,Barr Faughny,New Zealand,50% Dark Bites,23-Jun-22,4557,308
713,Curtice Advani,Australia,Eclairs,25-Mar-22,5796,55
714,Jan Morforth,India,Caramel Stuffed Bars,04-Jul-22,84,153
715,Andria Kimpton,UK,White Choc,12-May-22,9037,101
716,Camilla Castle,New Zealand,Raspberry Choco,04-Apr-22,4746,137
717,Madelene Upcott,Australia,Orange Choco,15-Apr-22,6713,398
718,Roddy Speechley,Canada,Eclairs,08-Mar-22,6237,88
719,Karlen McCaffrey,India,White Choc,17-Jan-22,7483,232
720,Wilone O'Kielt,India,Mint Chip Choco,22-Aug-22,1309,51
721,Andria Kimpton,UK,99% Dark & Pure,25-Jul-22,1155,66
722,Marney O'Breen,UK,50% Dark Bites,14-Jun-22,2989,124
723,Ches Bonnell,India,Choco Coated Almonds,05-Apr-22,9625,78
724,Madelene Upcott,UK,Raspberry Choco,26-Aug-22,7357,341
725,Wilone O'Kielt,Australia,50% Dark Bites,03-Aug-22,10031,114
726,Gigi Bohling,Canada,White Choc,11-Jul-22,6587,4
727,Wilone O'Kielt,New Zealand,Eclairs,11-Mar-22,3311,22
728,Brien Boise,UK,Peanut Butter Cubes,10-Jan-22,15330,30
729,Roddy Speechley,UK,Baker's Choco Chips,04-Apr-22,14028,351
730,Karlen McCaffrey,Australia,50% Dark Bites,17-Jan-22,6678,708
731,Marney O'Breen,New Zealand,Organic Choco Syrup,08-Jul-22,8624,50
732,Jan Morforth,UK,Organic Choco Syrup,12-Apr-22,1197,356
733,Rafaelita Blaksland,Canada,Fruit & Nut Bars,24-Aug-22,483,185
734,Ches Bonnell,UK,Choco Coated Almonds,07-Jun-22,1687,236
735,Gunar Cockshoot,Canada,Almond Choco,28-Jul-22,1309,30
736,Husein Augar,USA,99% Dark & Pure,21-Feb-22,9534,111
737,Dennison Crosswaite,Canada,Mint Chip Choco,08-Apr-22,1694,289
738,Brien Boise,UK,Manuka Honey Choco,28-Jun-22,70,103
739,Van Tuxwell,UK,Baker's Choco Chips,24-Mar-22,2443,20
740,Barr Faughny,Australia,Caramel Stuffed Bars,29-Jul-22,2933,55
741,Dennison Crosswaite,USA,Eclairs,25-May-22,2044,90
742,Gigi Bohling,Australia,Raspberry Choco,30-Mar-22,6524,303
743,Dennison Crosswaite,USA,Organic Choco Syrup,18-Jul-22,12656,126
744,Beverie Moffet,Canada,Orange Choco,10-May-22,8722,109
745,Mallorie Waber,Australia,Choco Coated Almonds,18-Mar-22,15750,92
746,Ches Bonnell,India,Caramel Stuffed Bars,15-Jun-22,6839,56
747,Van Tuxwell,Canada,50% Dark Bites,12-May-22,13685,58
748,Kelci Walkden,New Zealand,Baker's Choco Chips,23-Jun-22,2912,110
749,Beverie Moffet,India,Spicy Special Slims,21-Apr-22,3339,171
750,Gigi Bohling,Australia,Almond Choco,17-Aug-22,910,117
751,Rafaelita Blaksland,New Zealand,Eclairs,07-Feb-22,19481,51
752,Kelci Walkden,Canada,Smooth Sliky Salty,17-Mar-22,8099,118
753,Jan Morforth,India,Baker's Choco Chips,01-Aug-22,13727,79
754,Jehu Rudeforth,Australia,Milk Bars,18-Mar-22,8659,29
755,Gigi Bohling,Canada,Fruit & Nut Bars,14-Jun-22,5782,103
756,Beverie Moffet,UK,Eclairs,22-Apr-22,8463,155
757,Marney O'Breen,New Zealand,Eclairs,18-Jan-22,4914,31
758,Husein Augar,Australia,99% Dark & Pure,26-Aug-22,3087,128
759,Gunar Cockshoot,New Zealand,Fruit & Nut Bars,10-Jun-22,9205,419
760,Curtice Advani,Canada,70% Dark Bites,31-Jan-22,2303,7
761,Kelci Walkden,New Zealand,Manuka Honey Choco,08-Apr-22,1358,106
762,Dotty Strutley,Australia,Baker's Choco Chips,07-Jun-22,3605,68
763,Barr Faughny,Australia,85% Dark Bars,10-Feb-22,8498,44
764,Beverie Moffet,Australia,50% Dark Bites,16-May-22,700,457
765,Gunar Cockshoot,India,Baker's Choco Chips,18-Mar-22,2191,524
766,Van Tuxwell,Australia,50% Dark Bites,13-Jul-22,644,137
767,Oby Sorrel,USA,Manuka Honey Choco,25-Jul-22,4340,86
768,Van Tuxwell,Canada,Choco Coated Almonds,19-Aug-22,2282,296
769,Karlen McCaffrey,Canada,70% Dark Bites,24-Jun-22,7714,597
770,Kelci Walkden,Canada,Fruit & Nut Bars,20-Jun-22,826,149
771,Camilla Castle,India,99% Dark & Pure,02-Aug-22,203,207
772,Madelene Upcott,New Zealand,70% Dark Bites,22-Feb-22,13356,93
773,Mallorie Waber,New Zealand,Orange Choco,01-Feb-22,6510,23
774,Jan Morforth,Canada,70% Dark Bites,14-Feb-22,5894,305
775,Kelci Walkden,Australia,Milk Bars,24-Feb-22,7910,125
776,Dennison Crosswaite,India,Orange Choco,18-Mar-22,784,129
777,Husein Augar,UK,Eclairs,30-Aug-22,1750,252
778,Gigi Bohling,USA,Peanut Butter Cubes,09-May-22,280,75
779,Wilone O'Kielt,USA,Smooth Sliky Salty,18-Jan-22,504,87
780,Curtice Advani,India,White Choc,04-Jul-22,7154,342
781,Oby Sorrel,New Zealand,Spicy Special Slims,03-Jun-22,1617,13
782,Beverie Moffet,New Zealand,Peanut Butter Cubes,23-Feb-22,10822,30
783,Dotty Strutley,New Zealand,99% Dark & Pure,09-May-22,10724,203
784,Kelci Walkden,India,70% Dark Bites,06-Jun-22,3640,106
785,Kelci Walkden,India,Drinking Coco,04-Jul-22,7532,234
786,Brien Boise,New Zealand,Drinking Coco,06-Jun-22,1582,100
787,Dotty Strutley,Australia,Almond Choco,13-May-22,1456,91
788,Wilone O'Kielt,New Zealand,Organic Choco Syrup,31-Jan-22,2016,277
789,Ches Bonnell,New Zealand,Caramel Stuffed Bars,30-Jun-22,7588,42
790,Barr Faughny,Canada,Manuka Honey Choco,25-Aug-22,3402,249
791,Gigi Bohling,New Zealand,Smooth Sliky Salty,10-Jan-22,700,97
792,Brien Boise,USA,Manuka Honey Choco,22-Aug-22,1904,8
793,Roddy Speechley,New Zealand,85% Dark Bars,14-Apr-22,4844,275
794,Oby Sorrel,UK,Smooth Sliky Salty,31-May-22,9625,313
795,Oby Sorrel,UK,Raspberry Choco,08-Apr-22,4599,323
796,Roddy Speechley,USA,Drinking Coco,21-Feb-22,3003,155
797,Andria Kimpton,Australia,Manuka Honey Choco,30-Mar-22,9744,377
798,Mallorie Waber,India,Raspberry Choco,02-Mar-22,1400,2
799,Jehu Rudeforth,USA,Orange Choco,28-Jul-22,364,170
800,Kaine Padly,New Zealand,70% Dark Bites,24-Mar-22,7231,38
801,Curtice Advani,Australia,After Nines,11-Aug-22,63,105
802,Husein Augar,UK,Almond Choco,17-May-22,8309,166
803,Kaine Padly,Canada,Choco Coated Almonds,18-May-22,3164,164
804,Roddy Speechley,UK,Peanut Butter Cubes,17-Aug-22,5691,171
805,Ches Bonnell,New Zealand,Eclairs,04-Apr-22,490,49
806,Brien Boise,India,85% Dark Bars,09-Aug-22,18032,205
807,Brien Boise,New Zealand,Organic Choco Syrup,17-Jan-22,637,313
808,Andria Kimpton,Canada,White Choc,14-Feb-22,4067,29
809,Gigi Bohling,New Zealand,Orange Choco,16-May-22,8204,307
810,Ches Bonnell,Canada,Smooth Sliky Salty,16-Mar-22,9870,121
811,Husein Augar,Canada,70% Dark Bites,31-Jan-22,5131,285
812,Barr Faughny,Canada,Organic Choco Syrup,10-Mar-22,1141,205
813,Oby Sorrel,UK,Organic Choco Syrup,30-Jun-22,7980,157
814,Van Tuxwell,New Zealand,Eclairs,01-Mar-22,5229,182
815,Mallorie Waber,UK,Drinking Coco,27-May-22,3423,100
816,Oby Sorrel,UK,Milk Bars,11-Jul-22,6468,223
817,Karlen McCaffrey,New Zealand,Mint Chip Choco,02-Mar-22,4326,61
818,Jehu Rudeforth,USA,Raspberry Choco,04-Mar-22,7154,133
819,Kelci Walkden,UK,85% Dark Bars,23-Jun-22,3997,228
820,Kelci Walkden,USA,Almond Choco,27-Jan-22,5180,233
821,Marney O'Breen,Canada,Orange Choco,14-Jan-22,2723,425
822,Dennison Crosswaite,India,Fruit & Nut Bars,29-Jul-22,952,24
823,Brien Boise,Canada,Smooth Sliky Salty,13-May-22,5691,495
824,Barr Faughny,Canada,Baker's Choco Chips,03-Feb-22,10969,170
825,Brien Boise,India,Smooth Sliky Salty,27-May-22,5964,26
826,Jan Morforth,Australia,Drinking Coco,18-Feb-22,2821,24
827,Brien Boise,India,Spicy Special Slims,28-Jan-22,1302,33
828,Van Tuxwell,UK,Eclairs,29-Jun-22,5474,109
829,Wilone O'Kielt,India,Caramel Stuffed Bars,13-Jan-22,4179,276
830,Jehu Rudeforth,UK,After Nines,27-Jun-22,1946,164
831,Barr Faughny,Canada,White Choc,29-Mar-22,4291,1
832,Gunar Cockshoot,India,Organic Choco Syrup,03-Jun-22,7196,160
833,Mallorie Waber,Canada,Smooth Sliky Salty,21-Mar-22,1939,98
834,Mallorie Waber,India,Eclairs,12-Apr-22,10437,46
835,Rafaelita Blaksland,Australia,Raspberry Choco,19-Jan-22,6916,259
836,Karlen McCaffrey,UK,50% Dark Bites,06-Apr-22,3647,310
837,Kaine Padly,Australia,50% Dark Bites,02-Aug-22,8995,78
838,Gigi Bohling,Australia,Eclairs,12-Apr-22,7252,136
839,Oby Sorrel,India,Drinking Coco,21-Jul-22,16380,130
840,Van Tuxwell,New Zealand,Baker's Choco Chips,22-Mar-22,9660,24
841,Husein Augar,India,Peanut Butter Cubes,09-May-22,4522,5
842,Andria Kimpton,Australia,Baker's Choco Chips,09-Aug-22,329,109
843,Madelene Upcott,Canada,Choco Coated Almonds,20-Jul-22,3458,294
844,Brien Boise,India,70% Dark Bites,14-Apr-22,4641,413
845,Jehu Rudeforth,Canada,White Choc,25-Jan-22,4627,136
846,Andria Kimpton,Australia,Almond Choco,25-Apr-22,3192,175
847,Dotty Strutley,Canada,After Nines,17-Jan-22,252,237
848,Karlen McCaffrey,USA,Eclairs,15-Aug-22,868,125
849,Karlen McCaffrey,Canada,Fruit & Nut Bars,02-Jun-22,210,16
850,Gunar Cockshoot,USA,85% Dark Bars,30-Jun-22,7007,135
851,Dotty Strutley,New Zealand,Raspberry Choco,10-Feb-22,5845,91
852,Marney O'Breen,Canada,Caramel Stuffed Bars,23-Feb-22,1372,614
853,Dennison Crosswaite,India,Organic Choco Syrup,27-Jan-22,8428,216
854,Camilla Castle,UK,Mint Chip Choco,26-May-22,4977,317
855,Brien Boise,USA,70% Dark Bites,14-Apr-22,1694,21
856,Madelene Upcott,Australia,99% Dark & Pure,01-Aug-22,4326,154
857,Mallorie Waber,Australia,Eclairs,22-Aug-22,9527,222
858,Marney O'Breen,India,99% Dark & Pure,22-Jul-22,10766,157
859,Husein Augar,USA,Fruit & Nut Bars,28-Apr-22,1288,27
860,Kelci Walkden,Australia,Almond Choco,30-May-22,4879,350
861,Ches Bonnell,USA,Milk Bars,21-Jul-22,2408,157
862,Jan Morforth,UK,Caramel Stuffed Bars,02-Aug-22,3094,468
863,Brien Boise,New Zealand,70% Dark Bites,15-Jun-22,7231,130
864,Oby Sorrel,India,85% Dark Bars,05-Jul-22,8981,130
865,Kaine Padly,New Zealand,Smooth Sliky Salty,12-Apr-22,7,518
866,Gigi Bohling,Australia,70% Dark Bites,18-Aug-22,1372,105
867,Jan Morforth,UK,50% Dark Bites,12-Jan-22,5250,293
868,Gunar Cockshoot,Canada,White Choc,11-Aug-22,7560,15
869,Jehu Rudeforth,Australia,Spicy Special Slims,13-Jan-22,5012,384
870,Husein Augar,UK,Baker's Choco Chips,29-Apr-22,3038,135
871,Rafaelita Blaksland,New Zealand,After Nines,07-Jul-22,1099,92
872,Madelene Upcott,New Zealand,Mint Chip Choco,11-Mar-22,7413,4
873,Madelene Upcott,UK,70% Dark Bites,16-Feb-22,5397,239
874,Barr Faughny,Australia,Organic Choco Syrup,07-Jan-22,2303,33
875,Beverie Moffet,New Zealand,Drinking Coco,12-Jan-22,1141,518
876,Beverie Moffet,India,Eclairs,09-Jun-22,10325,147
877,Andria Kimpton,India,Eclairs,16-May-22,2149,84
878,Gigi Bohling,UK,85% Dark Bars,23-Jun-22,12362,94
879,Roddy Speechley,UK,Raspberry Choco,28-Jan-22,12635,194
880,Dotty Strutley,UK,Mint Chip Choco,14-Jul-22,2443,216
881,Barr Faughny,Canada,Drinking Coco,18-Apr-22,6237,247
882,Oby Sorrel,USA,Milk Bars,14-Jun-22,1736,79
883,Oby Sorrel,UK,Orange Choco,15-Apr-22,7315,237
884,Curtice Advani,Canada,Peanut Butter Cubes,19-May-22,4935,63
885,Gigi Bohling,India,White Choc,13-Apr-22,1393,172
886,Husein Augar,Canada,Choco Coated Almonds,15-Aug-22,3381,408
887,Wilone O'Kielt,India,Choco Coated Almonds,22-Aug-22,2933,233
888,Wilone O'Kielt,New Zealand,Baker's Choco Chips,22-Apr-22,3836,59
889,Kaine Padly,UK,Choco Coated Almonds,03-Aug-22,8022,123
890,Dennison Crosswaite,New Zealand,Organic Choco Syrup,04-Jan-22,371,229
891,Kelci Walkden,Canada,After Nines,13-Jan-22,16702,198
892,Van Tuxwell,Australia,Baker's Choco Chips,11-May-22,13258,32
893,Husein Augar,New Zealand,Peanut Butter Cubes,16-Feb-22,2058,236
894,Kaine Padly,UK,Caramel Stuffed Bars,20-May-22,10192,67
895,Jehu Rudeforth,UK,Drinking Coco,03-Feb-22,7140,438
896,Beverie Moffet,India,Manuka Honey Choco,06-May-22,9835,167
897,Gunar Cockshoot,UK,Choco Coated Almonds,30-Jun-22,5775,135
898,Gunar Cockshoot,UK,Smooth Sliky Salty,22-Mar-22,749,148
899,Camilla Castle,Canada,Orange Choco,17-Feb-22,7770,54
900,Jehu Rudeforth,UK,85% Dark Bars,07-Jul-22,5502,64
901,Oby Sorrel,UK,70% Dark Bites,16-Mar-22,6223,181
902,Kelci Walkden,UK,99% Dark & Pure,12-Aug-22,3507,114
903,Gigi Bohling,New Zealand,After Nines,21-Jan-22,5600,181
904,Oby Sorrel,Australia,50% Dark Bites,06-May-22,721,151
905,Oby Sorrel,Canada,50% Dark Bites,24-Jun-22,6615,137
906,Barr Faughny,USA,White Choc,05-May-22,7420,163
907,Rafaelita Blaksland,New Zealand,99% Dark & Pure,25-Mar-22,3164,84
908,Curtice Advani,Australia,Caramel Stuffed Bars,14-Feb-22,9114,140
909,Curtice Advani,New Zealand,85% Dark Bars,12-May-22,5404,187
910,Barr Faughny,New Zealand,Smooth Sliky Salty,25-Jan-22,3990,169
911,Ches Bonnell,UK,85% Dark Bars,28-Jun-22,14924,12
912,Dennison Crosswaite,Australia,Drinking Coco,13-Jul-22,7091,194
913,Roddy Speechley,USA,Milk Bars,16-May-22,2807,252
914,Jan Morforth,India,After Nines,14-Mar-22,6496,168
915,Gunar Cockshoot,USA,After Nines,15-Aug-22,3738,261
916,Ches Bonnell,India,Orange Choco,16-Feb-22,1190,256
917,Mallorie Waber,UK,Manuka Honey Choco,15-Jun-22,8379,43
918,Barr Faughny,Australia,Raspberry Choco,27-May-22,9268,100
919,Wilone O'Kielt,USA,Drinking Coco,14-Jun-22,1029,98
920,Wilone O'Kielt,India,Eclairs,25-Feb-22,3549,76
921,Wilone O'Kielt,India,After Nines,04-Aug-22,12026,262
922,Kelci Walkden,India,99% Dark & Pure,28-Jun-22,2303,244
923,Gunar Cockshoot,Canada,Spicy Special Slims,05-Apr-22,13405,12
924,Madelene Upcott,Canada,Peanut Butter Cubes,05-Jul-22,14763,113
925,Kaine Padly,New Zealand,Eclairs,20-Jan-22,12894,48
926,Ches Bonnell,New Zealand,Drinking Coco,16-Feb-22,8302,131
927,Curtice Advani,UK,Drinking Coco,12-Jul-22,455,174
928,Kelci Walkden,India,Raspberry Choco,16-Jun-22,8183,254
929,Dotty Strutley,Australia,Choco Coated Almonds,13-Apr-22,1645,284
930,Kaine Padly,UK,50% Dark Bites,21-Feb-22,3143,67
931,Roddy Speechley,Canada,Choco Coated Almonds,11-May-22,5873,249
932,Ches Bonnell,India,50% Dark Bites,15-Apr-22,11298,313
933,Oby Sorrel,Canada,Peanut Butter Cubes,07-Jun-22,12425,167
934,Oby Sorrel,UK,White Choc,27-Jun-22,1715,286
935,Barr Faughny,India,After Nines,29-Jul-22,8190,109
936,Wilone O'Kielt,Canada,Smooth Sliky Salty,02-Jun-22,4991,166
937,Rafaelita Blaksland,India,Mint Chip Choco,26-Jan-22,15491,85
938,Rafaelita Blaksland,Canada,99% Dark & Pure,02-Mar-22,5096,142
939,Van Tuxwell,Australia,70% Dark Bites,10-Jan-22,7063,104
940,Beverie Moffet,USA,70% Dark Bites,27-Jun-22,2275,115
941,Barr Faughny,Canada,Orange Choco,30-Jun-22,7602,18
942,Roddy Speechley,Australia,85% Dark Bars,08-Jul-22,4200,80
943,Oby Sorrel,India,Spicy Special Slims,08-Jun-22,11137,88
944,Jan Morforth,UK,Manuka Honey Choco,18-Aug-22,3388,212
945,Kaine Padly,Australia,After Nines,08-Apr-22,6832,306
946,Wilone O'Kielt,Canada,Fruit & Nut Bars,08-Aug-22,3437,181
947,Wilone O'Kielt,UK,Milk Bars,26-Aug-22,301,65
948,Oby Sorrel,Canada,Fruit & Nut Bars,14-Jan-22,1869,158
949,Dennison Crosswaite,USA,Baker's Choco Chips,11-Aug-22,17465,271
950,Madelene Upcott,USA,Almond Choco,31-May-22,10143,24
951,Van Tuxwell,New Zealand,50% Dark Bites,11-Jul-22,3626,10
952,Karlen McCaffrey,Canada,Caramel Stuffed Bars,02-Mar-22,3346,304
953,Madelene Upcott,Australia,Raspberry Choco,13-Jul-22,6321,88
954,Rafaelita Blaksland,UK,Spicy Special Slims,03-Aug-22,9345,133
955,Curtice Advani,UK,Peanut Butter Cubes,01-Mar-22,15008,165
956,Kelci Walkden,New Zealand,White Choc,13-Apr-22,7609,150
957,Beverie Moffet,Canada,Fruit & Nut Bars,14-Feb-22,10332,180
958,Mallorie Waber,India,White Choc,26-Jul-22,819,213
959,Brien Boise,UK,Drinking Coco,27-Jan-22,5754,133
960,Jehu Rudeforth,India,Peanut Butter Cubes,14-Apr-22,28,446
961,Oby Sorrel,USA,Almond Choco,19-May-22,6440,141
962,Husein Augar,India,Eclairs,09-Feb-22,4956,58
963,Brien Boise,UK,Spicy Special Slims,25-May-22,2352,58
964,Oby Sorrel,Australia,Manuka Honey Choco,26-Jan-22,3906,76
965,Beverie Moffet,India,White Choc,04-Jul-22,1813,296
966,Ches Bonnell,India,Almond Choco,13-Apr-22,11788,73
967,Gigi Bohling,Australia,Smooth Sliky Salty,25-Jan-22,5768,119
968,Camilla Castle,USA,85% Dark Bars,25-Apr-22,2401,78
969,Camilla Castle,USA,Eclairs,10-Jun-22,4515,392
970,Madelene Upcott,New Zealand,White Choc,22-Aug-22,10794,51
971,Van Tuxwell,India,After Nines,27-Jun-22,13706,207
972,Husein Augar,India,Orange Choco,30-Jun-22,4361,40
973,Jehu Rudeforth,India,Almond Choco,30-Aug-22,10122,100
974,Karlen McCaffrey,Australia,Raspberry Choco,23-Aug-22,994,57
975,Camilla Castle,New Zealand,99% Dark & Pure,26-Aug-22,2268,42
976,Gigi Bohling,Australia,Orange Choco,09-Mar-22,574,156
977,Kelci Walkden,UK,Drinking Coco,20-Apr-22,1792,23
978,Mallorie Waber,Canada,Caramel Stuffed Bars,10-Jun-22,4844,539
979,Husein Augar,Australia,Organic Choco Syrup,08-Feb-22,938,158
980,Brien Boise,Australia,White Choc,25-Aug-22,4879,22
981,Dotty Strutley,India,Peanut Butter Cubes,16-Feb-22,9107,73
982,Dennison Crosswaite,UK,99% Dark & Pure,30-May-22,12187,27
983,Gigi Bohling,New Zealand,50% Dark Bites,29-Jun-22,5670,64
984,Gigi Bohling,USA,Milk Bars,16-Jun-22,476,133
985,Brien Boise,UK,Caramel Stuffed Bars,04-Mar-22,2681,149
986,Curtice Advani,New Zealand,Peanut Butter Cubes,15-Mar-22,1533,434
987,Curtice Advani,New Zealand,50% Dark Bites,27-Jan-22,9765,85
988,Beverie Moffet,Canada,Drinking Coco,05-Jul-22,994,118
989,Barr Faughny,USA,Caramel Stuffed Bars,29-Mar-22,3318,299
990,Mallorie Waber,Canada,Almond Choco,12-May-22,4214,35
991,Oby Sorrel,USA,Drinking Coco,11-Mar-22,7714,44
992,Brien Boise,New Zealand,Eclairs,11-Jul-22,4690,299
993,Gunar Cockshoot,New Zealand,Choco Coated Almonds,01-Aug-22,13062,62
994,Gunar Cockshoot,UK,Spicy Special Slims,16-Feb-22,12488,200
995,Curtice Advani,USA,After Nines,13-Apr-22,14147,235
996,Oby Sorrel,India,Choco Coated Almonds,14-Feb-22,49,363
997,Ches Bonnell,Australia,Peanut Butter Cubes,14-Mar-22,10199,68
998,Oby Sorrel,Australia,Spicy Special Slims,26-Apr-22,11389,26
999,Jehu Rudeforth,Canada,Manuka Honey Choco,05-Apr-22,3584,200
1000,Camilla Castle,Canada,Drinking Coco,03-Mar-22,12481,264
1001,Kaine Padly,USA,Spicy Special Slims,13-Jun-22,2107,175
1002,Marney O'Breen,New Zealand,70% Dark Bites,14-Feb-22,8603,352
1003,Roddy Speechley,New Zealand,99% Dark & Pure,18-Apr-22,7483,183
1004,Oby Sorrel,New Zealand,85% Dark Bars,01-Feb-22,3381,417
1005,Dotty Strutley,New Zealand,Orange Choco,04-Aug-22,2030,146
1006,Andria Kimpton,New Zealand,Almond Choco,05-Apr-22,6559,158
1007,Karlen McCaffrey,Australia,99% Dark & Pure,26-Jan-22,10822,168
1008,Kaine Padly,UK,After Nines,21-Jan-22,18697,176
1009,Kaine Padly,Canada,After Nines,22-Aug-22,5845,172
1010,Kaine Padly,UK,Drinking Coco,27-Jan-22,2317,224
1011,Rafaelita Blaksland,UK,50% Dark Bites,16-Feb-22,10150,68
1012,Dotty Strutley,USA,Raspberry Choco,03-Jan-22,3437,46
1013,Karlen McCaffrey,USA,White Choc,24-Aug-22,4592,2
1014,Oby Sorrel,USA,Spicy Special Slims,07-Feb-22,5691,417
1015,Mallorie Waber,Australia,Smooth Sliky Salty,11-Feb-22,4158,109
1016,Kaine Padly,Canada,Organic Choco Syrup,29-Mar-22,5684,81
1017,Marney O'Breen,USA,Peanut Butter Cubes,15-Jun-22,693,350
1018,Dennison Crosswaite,UK,Smooth Sliky Salty,26-Apr-22,546,142
1019,Brien Boise,Australia,Organic Choco Syrup,15-Jul-22,4263,264
1020,Beverie Moffet,India,Organic Choco Syrup,23-Jun-22,1036,20
1021,Dennison Crosswaite,Australia,Baker's Choco Chips,11-Jan-22,13846,421
1022,Beverie Moffet,UK,50% Dark Bites,09-Feb-22,2499,271
1023,Van Tuxwell,UK,Almond Choco,06-Jun-22,10689,204
1024,Dotty Strutley,UK,Caramel Stuffed Bars,10-Aug-22,5768,235
1025,Wilone O'Kielt,Australia,Smooth Sliky Salty,04-Jan-22,2226,46
1026,Andria Kimpton,Canada,70% Dark Bites,08-Apr-22,10262,15
1027,Barr Faughny,UK,Milk Bars,02-Mar-22,3864,430
1028,Van Tuxwell,Canada,Drinking Coco,15-Jun-22,4900,709
1029,Jehu Rudeforth,Australia,After Nines,14-Feb-22,5250,47
1030,Husein Augar,UK,After Nines,05-Jul-22,3507,380
1031,Barr Faughny,India,Mint Chip Choco,12-Jan-22,7413,465
1032,Curtice Advani,India,Mint Chip Choco,03-Mar-22,8155,96
1033,Jehu Rudeforth,New Zealand,Milk Bars,18-May-22,2478,188
1034,Gunar Cockshoot,India,Caramel Stuffed Bars,28-Jul-22,2471,202
1035,Curtice Advani,UK,Manuka Honey Choco,07-Feb-22,1666,106
1036,Andria Kimpton,India,Orange Choco,30-May-22,301,421
1037,Mallorie Waber,Australia,Raspberry Choco,25-Apr-22,8400,27
1038,Beverie Moffet,Canada,85% Dark Bars,16-Feb-22,6139,45
1039,Kelci Walkden,Australia,Drinking Coco,04-May-22,1288,60
1040,Van Tuxwell,Canada,70% Dark Bites,02-Jun-22,7077,77
1041,Dennison Crosswaite,USA,Caramel Stuffed Bars,11-Jul-22,2317,464
1042,Beverie Moffet,New Zealand,Spicy Special Slims,07-Jun-22,63,60
1043,Jan Morforth,UK,Almond Choco,06-Jul-22,9744,157
1044,Husein Augar,India,Raspberry Choco,15-Jun-22,9954,154
1045,Dotty Strutley,India,Mint Chip Choco,14-Apr-22,1260,239
1046,Camilla Castle,India,Drinking Coco,08-Aug-22,469,163
1047,Marney O'Breen,UK,Drinking Coco,29-Mar-22,973,28
1048,Roddy Speechley,Australia,Organic Choco Syrup,04-Jul-22,3647,76
1049,Ches Bonnell,India,99% Dark & Pure,16-Feb-22,455,96
1050,Rafaelita Blaksland,Canada,Spicy Special Slims,02-May-22,2520,156
1051,Van Tuxwell,India,Eclairs,21-Jul-22,10500,106
1052,Gunar Cockshoot,Australia,99% Dark & Pure,18-Aug-22,7952,235
1053,Kaine Padly,USA,85% Dark Bars,22-Jun-22,483,259
1054,Camilla Castle,UK,Peanut Butter Cubes,19-Jul-22,4872,126
1055,Madelene Upcott,UK,Peanut Butter Cubes,12-Aug-22,7756,85
1056,Madelene Upcott,USA,Choco Coated Almonds,07-Jun-22,5446,132
1057,Marney O'Breen,Canada,Peanut Butter Cubes,08-Mar-22,6594,91
1058,Ches Bonnell,Australia,Choco Coated Almonds,08-Apr-22,1470,167
1059,Curtice Advani,Canada,Eclairs,06-May-22,721,203
1060,Roddy Speechley,India,Drinking Coco,31-May-22,4494,11
1061,Van Tuxwell,Australia,Mint Chip Choco,13-Jan-22,2674,295
1062,Dennison Crosswaite,USA,70% Dark Bites,15-Mar-22,658,77
1063,Andria Kimpton,Canada,Peanut Butter Cubes,16-Feb-22,1127,319
1064,Gigi Bohling,USA,70% Dark Bites,14-Jan-22,7364,196
1065,Rafaelita Blaksland,Australia,White Choc,21-Mar-22,6818,102
1066,Roddy Speechley,Canada,Drinking Coco,17-May-22,6776,312
1067,Camilla Castle,New Zealand,85% Dark Bars,08-Aug-22,15099,55
1068,Madelene Upcott,Canada,Milk Bars,26-Apr-22,3612,82
1069,Madelene Upcott,Australia,70% Dark Bites,15-Apr-22,3710,260
1070,Oby Sorrel,Canada,Eclairs,19-May-22,6111,591
1071,Dennison Crosswaite,Canada,Drinking Coco,10-Jan-22,2702,24
1072,Mallorie Waber,New Zealand,After Nines,04-May-22,483,228
1073,Roddy Speechley,Canada,White Choc,05-Apr-22,5887,268
1074,Andria Kimpton,India,After Nines,17-Jan-22,952,68
1075,Roddy Speechley,India,Spicy Special Slims,22-Mar-22,10647,173
1076,Dotty Strutley,Australia,White Choc,05-Jul-22,6055,93
1077,Oby Sorrel,Canada,Orange Choco,27-Apr-22,8757,338
1078,Kaine Padly,Canada,Almond Choco,12-Aug-22,6055,73
1079,Jan Morforth,UK,Baker's Choco Chips,11-Mar-22,721,251
1080,Jehu Rudeforth,UK,Fruit & Nut Bars,13-May-22,8589,229
1081,Dennison Crosswaite,USA,Smooth Sliky Salty,12-May-22,11781,91
1082,Brien Boise,USA,Raspberry Choco,12-Jan-22,672,194
1083,Madelene Upcott,New Zealand,Milk Bars,29-Mar-22,12558,403
1084,Roddy Speechley,India,50% Dark Bites,14-Mar-22,8337,12
1085,Barr Faughny,New Zealand,99% Dark & Pure,24-May-22,8134,195
1086,Dennison Crosswaite,Canada,Organic Choco Syrup,28-Jan-22,8491,75
1087,Beverie Moffet,India,Almond Choco,24-May-22,3066,96
1088,Brien Boise,Australia,Peanut Butter Cubes,19-Aug-22,301,205
1089,Karlen McCaffrey,Australia,Spicy Special Slims,17-May-22,4410,323
1090,Jehu Rudeforth,USA,White Choc,07-Jun-22,6559,119
1091,Ches Bonnell,Canada,Organic Choco Syrup,26-Jul-22,574,217
1092,Dotty Strutley,India,Eclairs,28-Jul-22,2086,384
1093,Karlen McCaffrey,India,70% Dark Bites,23-May-22,5075,344
